<?xml version="1.0" encoding="UTF-8"?>
<feature
      id="org.eclipse.wst.common_core.feature"
      label="%featureName"
      version="3.1.1.v200908102300-7B77FZ3F7RZHIVI9QdN4PM"
      provider-name="%providerName">

   <description>
      %description
   </description>

   <copyright>
      %copyright
   </copyright>

   <license url="%licenseURL">
      %license
   </license>

   <url>
      <update label="%updateSiteName" url="http://download.eclipse.org/webtools/updates/"/>
   </url>

   <plugin
         id="org.eclipse.wst.common.emfworkbench.integration"
         download-size="0"
         install-size="0"
         version="1.1.301.v200908101600"
         unpack="false"/>

   <plugin
         id="org.eclipse.wst.common.emf"
         download-size="0"
         install-size="0"
         version="1.1.301.v200908181930"
         unpack="false"/>

   <plugin
         id="org.eclipse.wst.common.environment"
         download-size="0"
         install-size="0"
         version="1.0.301.v200908101600"
         unpack="false"/>

   <plugin
         id="org.eclipse.wst.common.frameworks"
         download-size="0"
         install-size="0"
         version="1.1.300.v200904160730"
         unpack="false"/>

   <plugin
         id="org.eclipse.wst.common.modulecore"
         download-size="0"
         install-size="0"
         version="1.1.301.v200908101600"
         unpack="false"/>

   <plugin
         id="org.eclipse.wst.common.uriresolver"
         download-size="0"
         install-size="0"
         version="1.1.301.v200805140415"
         unpack="false"/>

   <plugin
         id="org.eclipse.wst.validation"
         download-size="0"
         install-size="0"
         version="1.2.102.v200905201610"
         unpack="false"/>

   <plugin
         id="org.eclipse.wst.common.core"
         download-size="0"
         install-size="0"
         version="1.1.201.v200806010600"
         unpack="false"/>

   <plugin
         id="org.eclipse.jem.util"
         download-size="0"
         install-size="0"
         version="2.0.200.v200905140200"
         unpack="false"/>

</feature>
