<?xml version="1.0" encoding="UTF-8"?>
<config transient="false">
	<site url="platform:/base/" policy="USER-EXCLUDE" updateable="true" enabled="true">
		<feature version="1.2.1.20090918-0703" url="features/org.eclipse.epp.package.java.feature_1.2.1.20090918-0703/" plugin-identifier="org.eclipse.epp.package.java" id="org.eclipse.epp.package.java.feature">
		</feature>
		<feature version="3.2.2.v20090912-0400-e3x" url="features/org.eclipse.mylyn.bugzilla_feature_3.2.2.v20090912-0400-e3x/" plugin-identifier="org.eclipse.mylyn" id="org.eclipse.mylyn.bugzilla_feature">
		</feature>
		<feature version="3.1.1.v200907161031-7H6FM_DxtkM-7aeTHKEBbQqcZOZ2" url="features/org.eclipse.wst.xml_ui.feature_3.1.1.v200907161031-7H6FM_DxtkM-7aeTHKEBbQqcZOZ2/" plugin-identifier="org.eclipse.wst.xml.ui" id="org.eclipse.wst.xml_ui.feature">
		</feature>
		<feature version="3.1.1.v200908102300-7B77FZ3F7RZHIVI9QdN4PM" url="features/org.eclipse.wst.common_core.feature_3.1.1.v200908102300-7B77FZ3F7RZHIVI9QdN4PM/" id="org.eclipse.wst.common_core.feature">
		</feature>
		<feature version="3.2.2.v20090912-0400-e3x" url="features/org.eclipse.mylyn.context_feature_3.2.2.v20090912-0400-e3x/" plugin-identifier="org.eclipse.mylyn" id="org.eclipse.mylyn.context_feature">
		</feature>
		<feature version="1.1.0.R200906100410" url="features/org.eclipse.epp.usagedata.feature_1.1.0.R200906100410/" id="org.eclipse.epp.usagedata.feature">
		</feature>
		<feature version="3.5.1.R35x_v20090910-9gEeG1_FthkNDSP2odXdThaOu9GFDPn83DGB7" url="features/org.eclipse.platform_3.5.1.R35x_v20090910-9gEeG1_FthkNDSP2odXdThaOu9GFDPn83DGB7/" id="org.eclipse.platform">
		</feature>
		<feature version="3.2.2.v20090912-0400-e3x" url="features/org.eclipse.mylyn.java_feature_3.2.2.v20090912-0400-e3x/" plugin-identifier="org.eclipse.mylyn" id="org.eclipse.mylyn.java_feature">
		</feature>
		<feature version="1.1.101.R35x_v20090811-7E79FEd9KKF5H2YDWFLLBL01A16" url="features/org.eclipse.cvs_1.1.101.R35x_v20090811-7E79FEd9KKF5H2YDWFLLBL01A16/" id="org.eclipse.cvs">
		</feature>
		<feature version="3.2.2.v20090912-0400-e3x" url="features/org.eclipse.mylyn_feature_3.2.2.v20090912-0400-e3x/" plugin-identifier="org.eclipse.mylyn" id="org.eclipse.mylyn_feature">
		</feature>
		<feature version="3.5.1.R35x_v20090811-9SA0FxVFqE70OL1ARMrfcO6e7BA6" url="features/org.eclipse.rcp_3.5.1.R35x_v20090811-9SA0FxVFqE70OL1ARMrfcO6e7BA6/" id="org.eclipse.rcp">
		</feature>
		<feature version="3.1.1.v200906020459-50FR7AkF77f7MESDKEF" url="features/org.eclipse.wst.xml_userdoc.feature_3.1.1.v200906020459-50FR7AkF77f7MESDKEF/" id="org.eclipse.wst.xml_userdoc.feature">
		</feature>
		<feature version="3.1.1.v200907161031-7C7OFPgF7RZHIXHvT5MhWA" url="features/org.eclipse.wst.xml_core.feature_3.1.1.v200907161031-7C7OFPgF7RZHIXHvT5MhWA/" id="org.eclipse.wst.xml_core.feature">
		</feature>
		<feature version="3.2.2.v20090912-0400-e3x" url="features/org.eclipse.mylyn.team_feature_3.2.2.v20090912-0400-e3x/" plugin-identifier="org.eclipse.mylyn" id="org.eclipse.mylyn.team_feature">
		</feature>
		<feature version="3.5.1.r351_v20090810-0600-7r88FEoFI0WTo6Az-1qFRHm37ChJ" url="features/org.eclipse.jdt_3.5.1.r351_v20090810-0600-7r88FEoFI0WTo6Az-1qFRHm37ChJ/" id="org.eclipse.jdt">
		</feature>
		<feature version="1.1.2.v20090912-0400-e3x" url="features/org.eclipse.mylyn.wikitext_feature_1.1.2.v20090912-0400-e3x/" plugin-identifier="org.eclipse.mylyn" id="org.eclipse.mylyn.wikitext_feature">
		</feature>
		<feature version="1.1.1.R35x_v20090811-7u6FbEFYXk1qWdbS0gnpRg2932" url="features/org.eclipse.equinox.p2.user.ui_1.1.1.R35x_v20090811-7u6FbEFYXk1qWdbS0gnpRg2932/" id="org.eclipse.equinox.p2.user.ui">
		</feature>
		<feature version="3.1.1.v200908102300-7B5FRGDhdMNPnndenAjpWJAReO5Q" url="features/org.eclipse.wst.common_ui.feature_3.1.1.v200908102300-7B5FRGDhdMNPnndenAjpWJAReO5Q/" id="org.eclipse.wst.common_ui.feature">
		</feature>
		<feature version="1.1.1.R35x_v20090811-7e7eFAnFEx2XZoYz0uPgIfwD" url="features/org.eclipse.help_1.1.1.R35x_v20090811-7e7eFAnFEx2XZoYz0uPgIfwD/" plugin-identifier="org.eclipse.help.base" id="org.eclipse.help">
		</feature>
		<feature version="3.2.2.v20090912-0400-e3x" url="features/org.eclipse.mylyn.ide_feature_3.2.2.v20090912-0400-e3x/" plugin-identifier="org.eclipse.mylyn" id="org.eclipse.mylyn.ide_feature">
		</feature>
	</site>
</config>
