<?xml version="1.0" encoding="UTF-8"?>
<feature id="org.eclipse.pde.nls1" image="eclipse_update_120.jpg" label="%featureName" provider-name="%providerName" version="3.0.1">

   <description>
      %description
   </description>

   <license url="%licenseURL">
      %license
   </license>

   <url>
      <update label="%updateSiteName" url="http://update.eclipse.org/updates/3.0"></update>
      <discovery label="%updateSiteName" url="http://update.eclipse.org/updates/3.0"></discovery>
   </url>

   

   <plugin fragment="true" id="org.eclipse.pde.nl1" version="3.0.1"></plugin>

   <plugin fragment="true" id="org.eclipse.pde.build.nl1" version="3.0.1"></plugin>

   <plugin fragment="true" id="org.eclipse.pde.core.nl1" version="3.0.0"></plugin>

   <plugin fragment="true" id="org.eclipse.pde.junit.runtime.nl1" version="3.0.0"></plugin>
         
   <plugin fragment="true" id="org.eclipse.pde.runtime.nl1" version="3.0.1"></plugin>

   <plugin fragment="true" id="org.eclipse.pde.ui.nl1" version="3.0.1"></plugin>

   <plugin fragment="true" id="org.eclipse.pde.doc.user.nl1" version="3.0.0"></plugin>

</feature>