<?xml version='1.0' encoding='UTF-8'?>
<?artifactRepository version='1.1.0'?>
<repository name='Bundle pool' type='org.eclipse.equinox.p2.artifact.repository.simpleRepository' version='1'>
  <properties size='2'>
    <property name='p2.system' value='true'/>
    <property name='p2.timestamp' value='1253443282824'/>
  </properties>
  <mappings size='3'>
    <rule filter='(&amp; (classifier=osgi.bundle))' output='${repoUrl}/plugins/${id}_${version}.jar'/>
    <rule filter='(&amp; (classifier=binary))' output='${repoUrl}/binary/${id}_${version}'/>
    <rule filter='(&amp; (classifier=org.eclipse.update.feature))' output='${repoUrl}/features/${id}_${version}.jar'/>
  </mappings>
  <artifacts size='287'>
    <artifact classifier='osgi.bundle' id='org.eclipse.mylyn.discovery.ui' version='3.2.2.v20090912-0400-e3x'>
      <properties size='2'>
        <property name='artifact.size' value='78223'/>
        <property name='download.size' value='78223'/>
      </properties>
    </artifact>
    <artifact classifier='osgi.bundle' id='org.eclipse.equinox.p2.jarprocessor' version='1.0.100.v20090520-1905'>
      <properties size='2'>
        <property name='artifact.size' value='61364'/>
        <property name='download.size' value='61364'/>
      </properties>
    </artifact>
    <artifact classifier='osgi.bundle' id='org.eclipse.equinox.http.servlet' version='1.0.200.v20090520-1800'>
      <properties size='2'>
        <property name='artifact.size' value='35057'/>
        <property name='download.size' value='35057'/>
      </properties>
    </artifact>
    <artifact classifier='osgi.bundle' id='org.eclipse.wst.dtd.ui' version='1.0.400.v200904300717'>
      <properties size='2'>
        <property name='artifact.size' value='224939'/>
        <property name='download.size' value='224939'/>
      </properties>
    </artifact>
    <artifact classifier='org.eclipse.update.feature' id='org.eclipse.rcp' version='3.5.1.R35x_v20090811-9SA0FxVFqE70OL1ARMrfcO6e7BA6'>
      <properties size='2'>
        <property name='download.size' value='28703'/>
        <property name='artifact.size' value='28703'/>
      </properties>
      <repositoryProperties size='1'>
        <property name='artifact.folder' value='true'/>
      </repositoryProperties>
    </artifact>
    <artifact classifier='osgi.bundle' id='org.eclipse.core.contenttype' version='3.4.1.R35x_v20090826-0451'>
      <properties size='2'>
        <property name='artifact.size' value='87505'/>
        <property name='download.size' value='87505'/>
      </properties>
    </artifact>
    <artifact classifier='osgi.bundle' id='org.eclipse.equinox.registry' version='3.4.100.v20090520-1800'>
      <properties size='2'>
        <property name='artifact.size' value='173316'/>
        <property name='download.size' value='173316'/>
      </properties>
    </artifact>
    <artifact classifier='osgi.bundle' id='org.eclipse.wst.validation.infopop' version='1.0.300.v200806041506'>
      <properties size='2'>
        <property name='artifact.size' value='8086'/>
        <property name='download.size' value='8086'/>
      </properties>
    </artifact>
    <artifact classifier='osgi.bundle' id='org.eclipse.equinox.p2.touchpoint.eclipse' version='1.0.101.R35x_20090820-1821'>
      <properties size='2'>
        <property name='artifact.size' value='108216'/>
        <property name='download.size' value='108216'/>
      </properties>
    </artifact>
    <artifact classifier='osgi.bundle' id='org.eclipse.ecf.ssl' version='1.0.0.v20090831-1906'>
      <properties size='2'>
        <property name='artifact.size' value='10374'/>
        <property name='download.size' value='10374'/>
      </properties>
    </artifact>
    <artifact classifier='org.eclipse.update.feature' id='org.eclipse.jdt' version='3.5.1.r351_v20090810-0600-7r88FEoFI0WTo6Az-1qFRHm37ChJ'>
      <properties size='2'>
        <property name='download.size' value='28050'/>
        <property name='artifact.size' value='28050'/>
      </properties>
      <repositoryProperties size='1'>
        <property name='artifact.folder' value='true'/>
      </repositoryProperties>
    </artifact>
    <artifact classifier='osgi.bundle' id='org.eclipse.jdt.debug.ui' version='3.4.1.v20090811_r351'>
      <properties size='2'>
        <property name='artifact.size' value='1302804'/>
        <property name='download.size' value='1302804'/>
      </properties>
    </artifact>
    <artifact classifier='osgi.bundle' id='org.sat4j.pb' version='2.1.0.v20090520'>
      <properties size='2'>
        <property name='artifact.size' value='106651'/>
        <property name='download.size' value='106651'/>
      </properties>
    </artifact>
    <artifact classifier='osgi.bundle' id='org.eclipse.ui.cheatsheets' version='3.3.200.v20090526'>
      <properties size='2'>
        <property name='artifact.size' value='327280'/>
        <property name='download.size' value='327280'/>
      </properties>
    </artifact>
    <artifact classifier='osgi.bundle' id='org.eclipse.wst.xml.core' version='1.1.401.v200908242115'>
      <properties size='2'>
        <property name='artifact.size' value='685600'/>
        <property name='download.size' value='685600'/>
      </properties>
    </artifact>
    <artifact classifier='osgi.bundle' id='org.eclipse.mylyn.monitor.ui' version='3.2.2.v20090912-0400-e3x'>
      <properties size='2'>
        <property name='artifact.size' value='52720'/>
        <property name='download.size' value='52720'/>
      </properties>
    </artifact>
    <artifact classifier='osgi.bundle' id='org.eclipse.equinox.security' version='1.0.100.v20090520-1800'>
      <properties size='2'>
        <property name='artifact.size' value='104691'/>
        <property name='download.size' value='104691'/>
      </properties>
    </artifact>
    <artifact classifier='osgi.bundle' id='org.eclipse.ant.core' version='3.2.100.v20090817_r351'>
      <properties size='2'>
        <property name='artifact.size' value='95807'/>
        <property name='download.size' value='95807'/>
      </properties>
    </artifact>
    <artifact classifier='osgi.bundle' id='org.eclipse.epp.usagedata.recording' version='1.1.0.R200906100410'>
      <properties size='2'>
        <property name='artifact.size' value='46167'/>
        <property name='download.size' value='46167'/>
      </properties>
    </artifact>
    <artifact classifier='osgi.bundle' id='org.eclipse.wst.dtd.core' version='1.1.300.v200904181727'>
      <properties size='2'>
        <property name='artifact.size' value='407382'/>
        <property name='download.size' value='407382'/>
      </properties>
    </artifact>
    <artifact classifier='osgi.bundle' id='org.eclipse.equinox.common' version='3.5.1.R35x_v20090807-1100'>
      <properties size='2'>
        <property name='artifact.size' value='99448'/>
        <property name='download.size' value='99448'/>
      </properties>
    </artifact>
    <artifact classifier='osgi.bundle' id='org.eclipse.ui.workbench' version='3.5.1.M20090826-0800a'>
      <properties size='2'>
        <property name='artifact.size' value='4070677'/>
        <property name='download.size' value='4070677'/>
      </properties>
    </artifact>
    <artifact classifier='osgi.bundle' id='org.eclipse.team.cvs.core' version='3.3.200.I20090430-0408'>
      <properties size='2'>
        <property name='artifact.size' value='575570'/>
        <property name='download.size' value='575570'/>
      </properties>
    </artifact>
    <artifact classifier='osgi.bundle' id='org.eclipse.equinox.launcher.win32.win32.x86' version='1.0.200.v20090519'>
      <properties size='2'>
        <property name='artifact.size' value='32182'/>
        <property name='download.size' value='32182'/>
      </properties>
      <repositoryProperties size='1'>
        <property name='artifact.folder' value='true'/>
      </repositoryProperties>
    </artifact>
    <artifact classifier='osgi.bundle' id='org.eclipse.equinox.concurrent' version='1.0.0.v20090520-1800'>
      <properties size='2'>
        <property name='artifact.size' value='18655'/>
        <property name='download.size' value='18655'/>
      </properties>
    </artifact>
    <artifact classifier='osgi.bundle' id='org.eclipse.osgi.services' version='3.2.0.v20090520-1800'>
      <properties size='2'>
        <property name='artifact.size' value='66065'/>
        <property name='download.size' value='66065'/>
      </properties>
    </artifact>
    <artifact classifier='osgi.bundle' id='org.eclipse.mylyn.commons.ui' version='3.2.2.v20090912-0400-e3x'>
      <properties size='2'>
        <property name='artifact.size' value='326024'/>
        <property name='download.size' value='326024'/>
      </properties>
    </artifact>
    <artifact classifier='osgi.bundle' id='org.eclipse.ecf.filetransfer' version='3.0.0.v20090831-1906'>
      <properties size='2'>
        <property name='artifact.size' value='48463'/>
        <property name='download.size' value='48463'/>
      </properties>
    </artifact>
    <artifact classifier='osgi.bundle' id='org.eclipse.jdt.compiler.tool' version='1.0.100.v_972_R35x'>
      <properties size='2'>
        <property name='artifact.size' value='53229'/>
        <property name='download.size' value='53229'/>
      </properties>
    </artifact>
    <artifact classifier='osgi.bundle' id='org.eclipse.mylyn.wikitext.core' version='1.1.2.v20090912-0400-e3x'>
      <properties size='2'>
        <property name='artifact.size' value='269198'/>
        <property name='download.size' value='269198'/>
      </properties>
    </artifact>
    <artifact classifier='org.eclipse.update.feature' id='org.eclipse.platform' version='3.5.1.R35x_v20090910-9gEeG1_FthkNDSP2odXdThaOu9GFDPn83DGB7'>
      <properties size='2'>
        <property name='download.size' value='29061'/>
        <property name='artifact.size' value='29061'/>
      </properties>
      <repositoryProperties size='1'>
        <property name='artifact.folder' value='true'/>
      </repositoryProperties>
    </artifact>
    <artifact classifier='osgi.bundle' id='org.eclipse.core.runtime.compatibility' version='3.2.0.v20090413'>
      <properties size='2'>
        <property name='artifact.size' value='91565'/>
        <property name='download.size' value='91565'/>
      </properties>
    </artifact>
    <artifact classifier='osgi.bundle' id='org.eclipse.wst.common.infopop' version='1.0.100.v200805301550'>
      <properties size='2'>
        <property name='artifact.size' value='6502'/>
        <property name='download.size' value='6502'/>
      </properties>
    </artifact>
    <artifact classifier='osgi.bundle' id='org.eclipse.emf.common' version='2.5.0.v200906151043'>
      <properties size='2'>
        <property name='artifact.size' value='203580'/>
        <property name='download.size' value='203580'/>
      </properties>
    </artifact>
    <artifact classifier='osgi.bundle' id='org.eclipse.mylyn.team.cvs' version='3.2.2.v20090912-0400-e3x'>
      <properties size='2'>
        <property name='artifact.size' value='18484'/>
        <property name='download.size' value='18484'/>
      </properties>
    </artifact>
    <artifact classifier='osgi.bundle' id='org.eclipse.jdt.compiler.apt' version='1.0.201.R35x_v20090825-1530'>
      <properties size='2'>
        <property name='artifact.size' value='154113'/>
        <property name='download.size' value='154113'/>
      </properties>
    </artifact>
    <artifact classifier='osgi.bundle' id='org.eclipse.wst.xml.ui.infopop' version='1.0.300.v200805140200'>
      <properties size='2'>
        <property name='artifact.size' value='15088'/>
        <property name='download.size' value='15088'/>
      </properties>
    </artifact>
    <artifact classifier='osgi.bundle' id='org.eclipse.mylyn.wikitext.tracwiki.ui' version='1.1.2.v20090912-0400-e3x'>
      <properties size='2'>
        <property name='artifact.size' value='7562'/>
        <property name='download.size' value='7562'/>
      </properties>
    </artifact>
    <artifact classifier='osgi.bundle' id='org.eclipse.core.databinding.observable' version='1.2.0.M20090902-0800'>
      <properties size='2'>
        <property name='artifact.size' value='283349'/>
        <property name='download.size' value='283349'/>
      </properties>
    </artifact>
    <artifact classifier='osgi.bundle' id='org.eclipse.jsch.core' version='1.1.100.I20090430-0408'>
      <properties size='2'>
        <property name='artifact.size' value='33530'/>
        <property name='download.size' value='33530'/>
      </properties>
    </artifact>
    <artifact classifier='osgi.bundle' id='org.eclipse.equinox.p2.publisher' version='1.0.0.v20090527-1812'>
      <properties size='2'>
        <property name='artifact.size' value='259306'/>
        <property name='download.size' value='259306'/>
      </properties>
    </artifact>
    <artifact classifier='osgi.bundle' id='com.jcraft.jsch' version='0.1.41.v200903070017'>
      <properties size='2'>
        <property name='artifact.size' value='225576'/>
        <property name='download.size' value='225576'/>
      </properties>
    </artifact>
    <artifact classifier='osgi.bundle' id='org.eclipse.wst.standard.schemas' version='1.0.200.v200902270215'>
      <properties size='2'>
        <property name='artifact.size' value='152325'/>
        <property name='download.size' value='152325'/>
      </properties>
    </artifact>
    <artifact classifier='osgi.bundle' id='org.eclipse.core.databinding.property' version='1.2.0.M20090819-0800'>
      <properties size='2'>
        <property name='artifact.size' value='176643'/>
        <property name='download.size' value='176643'/>
      </properties>
    </artifact>
    <artifact classifier='osgi.bundle' id='org.eclipse.emf.ecore.xmi' version='2.5.0.v200906151043'>
      <properties size='2'>
        <property name='artifact.size' value='217802'/>
        <property name='download.size' value='217802'/>
      </properties>
    </artifact>
    <artifact classifier='osgi.bundle' id='org.eclipse.wst.xml.ui' version='1.1.1.v200908242115'>
      <properties size='2'>
        <property name='artifact.size' value='854124'/>
        <property name='download.size' value='854124'/>
      </properties>
    </artifact>
    <artifact classifier='osgi.bundle' id='org.eclipse.equinox.p2.directorywatcher' version='1.0.100.v20090525'>
      <properties size='2'>
        <property name='artifact.size' value='27583'/>
        <property name='download.size' value='27583'/>
      </properties>
    </artifact>
    <artifact classifier='org.eclipse.update.feature' id='org.eclipse.mylyn.context_feature' version='3.2.2.v20090912-0400-e3x'>
      <properties size='2'>
        <property name='artifact.size' value='15613'/>
        <property name='download.size' value='15613'/>
      </properties>
      <repositoryProperties size='1'>
        <property name='artifact.folder' value='true'/>
      </repositoryProperties>
    </artifact>
    <artifact classifier='osgi.bundle' id='org.eclipse.equinox.p2.extensionlocation' version='1.0.100.v20090520-1905'>
      <properties size='2'>
        <property name='artifact.size' value='30839'/>
        <property name='download.size' value='30839'/>
      </properties>
    </artifact>
    <artifact classifier='osgi.bundle' id='org.eclipse.equinox.security.ui' version='1.0.100.v20090520-1800'>
      <properties size='2'>
        <property name='artifact.size' value='212913'/>
        <property name='download.size' value='212913'/>
      </properties>
    </artifact>
    <artifact classifier='osgi.bundle' id='org.eclipse.ecf.provider.filetransfer.httpclient.ssl' version='1.0.0.v20090831-1906'>
      <properties size='2'>
        <property name='artifact.size' value='15576'/>
        <property name='download.size' value='15576'/>
      </properties>
    </artifact>
    <artifact classifier='osgi.bundle' id='org.eclipse.jdt.junit4.runtime' version='1.1.0.v20090513-2000'>
      <properties size='2'>
        <property name='artifact.size' value='14998'/>
        <property name='download.size' value='14998'/>
      </properties>
    </artifact>
    <artifact classifier='osgi.bundle' id='org.eclipse.jdt.junit' version='3.5.1.r351_v20090708-0800'>
      <properties size='2'>
        <property name='artifact.size' value='515477'/>
        <property name='download.size' value='515477'/>
      </properties>
    </artifact>
    <artifact classifier='osgi.bundle' id='org.eclipse.wst.validation' version='1.2.102.v200905201610'>
      <properties size='2'>
        <property name='artifact.size' value='400498'/>
        <property name='download.size' value='400498'/>
      </properties>
    </artifact>
    <artifact classifier='osgi.bundle' id='javax.xml' version='1.3.4.v200902170245'>
      <properties size='2'>
        <property name='artifact.size' value='236808'/>
        <property name='download.size' value='236808'/>
      </properties>
    </artifact>
    <artifact classifier='osgi.bundle' id='org.apache.commons.codec' version='1.3.0.v20080530-1600'>
      <properties size='2'>
        <property name='artifact.size' value='53772'/>
        <property name='download.size' value='53772'/>
      </properties>
    </artifact>
    <artifact classifier='osgi.bundle' id='org.eclipse.equinox.http.jetty' version='2.0.0.v20090520-1800'>
      <properties size='2'>
        <property name='artifact.size' value='23049'/>
        <property name='download.size' value='23049'/>
      </properties>
    </artifact>
    <artifact classifier='osgi.bundle' id='org.eclipse.osgi' version='3.5.1.R35x_v20090827'>
      <properties size='2'>
        <property name='artifact.size' value='1125860'/>
        <property name='download.size' value='1125860'/>
      </properties>
    </artifact>
    <artifact classifier='osgi.bundle' id='org.eclipse.wst.xsd.ui' version='1.2.204.v200909021537'>
      <properties size='2'>
        <property name='artifact.size' value='1265098'/>
        <property name='download.size' value='1265098'/>
      </properties>
    </artifact>
    <artifact classifier='osgi.bundle' id='org.eclipse.ui.intro' version='3.3.1.v20090805_35x'>
      <properties size='2'>
        <property name='artifact.size' value='292644'/>
        <property name='download.size' value='292644'/>
      </properties>
    </artifact>
    <artifact classifier='osgi.bundle' id='org.eclipse.ecf.provider.filetransfer.httpclient' version='3.0.1.v20090831-1906'>
      <properties size='2'>
        <property name='artifact.size' value='64876'/>
        <property name='download.size' value='64876'/>
      </properties>
    </artifact>
    <artifact classifier='org.eclipse.update.feature' id='org.eclipse.mylyn.bugzilla_feature' version='3.2.2.v20090912-0400-e3x'>
      <properties size='2'>
        <property name='artifact.size' value='15648'/>
        <property name='download.size' value='15648'/>
      </properties>
      <repositoryProperties size='1'>
        <property name='artifact.folder' value='true'/>
      </repositoryProperties>
    </artifact>
    <artifact classifier='osgi.bundle' id='org.eclipse.jdt.core' version='3.5.1.v_972_R35x'>
      <properties size='2'>
        <property name='artifact.size' value='4475214'/>
        <property name='download.size' value='4475214'/>
      </properties>
    </artifact>
    <artifact classifier='osgi.bundle' id='org.eclipse.equinox.jsp.jasper.registry' version='1.0.100.v20090520-1800'>
      <properties size='2'>
        <property name='artifact.size' value='9894'/>
        <property name='download.size' value='9894'/>
      </properties>
    </artifact>
    <artifact classifier='osgi.bundle' id='org.eclipse.debug.ui' version='3.5.1.v20090811_r351'>
      <properties size='2'>
        <property name='artifact.size' value='2448857'/>
        <property name='download.size' value='2448857'/>
      </properties>
    </artifact>
    <artifact classifier='osgi.bundle' id='org.eclipse.mylyn.wikitext.twiki.ui' version='1.1.2.v20090912-0400-e3x'>
      <properties size='2'>
        <property name='artifact.size' value='7435'/>
        <property name='download.size' value='7435'/>
      </properties>
    </artifact>
    <artifact classifier='osgi.bundle' id='org.eclipse.mylyn.wikitext.mediawiki.ui' version='1.1.2.v20090912-0400-e3x'>
      <properties size='2'>
        <property name='artifact.size' value='8563'/>
        <property name='download.size' value='8563'/>
      </properties>
    </artifact>
    <artifact classifier='osgi.bundle' id='org.eclipse.mylyn.java.tasks' version='3.2.2.v20090912-0400-e3x'>
      <properties size='2'>
        <property name='artifact.size' value='18306'/>
        <property name='download.size' value='18306'/>
      </properties>
    </artifact>
    <artifact classifier='osgi.bundle' id='org.eclipse.mylyn.wikitext.confluence.core' version='1.1.2.v20090912-0400-e3x'>
      <properties size='2'>
        <property name='artifact.size' value='52606'/>
        <property name='download.size' value='52606'/>
      </properties>
    </artifact>
    <artifact classifier='osgi.bundle' id='org.eclipse.mylyn.ide.ant' version='3.2.2.v20090912-0400-e3x'>
      <properties size='2'>
        <property name='artifact.size' value='22987'/>
        <property name='download.size' value='22987'/>
      </properties>
    </artifact>
    <artifact classifier='osgi.bundle' id='org.eclipse.equinox.preferences' version='3.2.300.v20090520-1800'>
      <properties size='2'>
        <property name='artifact.size' value='105368'/>
        <property name='download.size' value='105368'/>
      </properties>
    </artifact>
    <artifact classifier='osgi.bundle' id='org.eclipse.ui.ide.application' version='1.0.101.M20090826-0800'>
      <properties size='2'>
        <property name='artifact.size' value='56591'/>
        <property name='download.size' value='56591'/>
      </properties>
    </artifact>
    <artifact classifier='osgi.bundle' id='org.eclipse.equinox.p2.ui.sdk.scheduler' version='1.0.0.v20090520-1905'>
      <properties size='2'>
        <property name='artifact.size' value='62964'/>
        <property name='download.size' value='62964'/>
      </properties>
    </artifact>
    <artifact classifier='osgi.bundle' id='org.eclipse.epp.usagedata.gathering' version='1.1.0.R200906100410'>
      <properties size='2'>
        <property name='artifact.size' value='37885'/>
        <property name='download.size' value='37885'/>
      </properties>
    </artifact>
    <artifact classifier='osgi.bundle' id='org.eclipse.equinox.p2.metadata.repository' version='1.0.101.R35x_v20090812'>
      <properties size='2'>
        <property name='artifact.size' value='125079'/>
        <property name='download.size' value='125079'/>
      </properties>
    </artifact>
    <artifact classifier='osgi.bundle' id='org.eclipse.ltk.ui.refactoring' version='3.4.100.v20090604'>
      <properties size='2'>
        <property name='artifact.size' value='439571'/>
        <property name='download.size' value='439571'/>
      </properties>
    </artifact>
    <artifact classifier='osgi.bundle' id='org.eclipse.equinox.p2.artifact.repository' version='1.0.101.R35x_v20090721'>
      <properties size='2'>
        <property name='artifact.size' value='156491'/>
        <property name='download.size' value='156491'/>
      </properties>
    </artifact>
    <artifact classifier='org.eclipse.update.feature' id='org.eclipse.wst.xml_core.feature' version='3.1.1.v200907161031-7C7OFPgF7RZHIXHvT5MhWA'>
      <properties size='2'>
        <property name='artifact.size' value='27949'/>
        <property name='download.size' value='27949'/>
      </properties>
      <repositoryProperties size='1'>
        <property name='artifact.folder' value='true'/>
      </repositoryProperties>
    </artifact>
    <artifact classifier='osgi.bundle' id='org.eclipse.gef' version='3.5.0.v20090528-1511'>
      <properties size='2'>
        <property name='artifact.size' value='818449'/>
        <property name='download.size' value='818449'/>
      </properties>
    </artifact>
    <artifact classifier='osgi.bundle' id='org.junit' version='3.8.2.v20090203-1005'>
      <properties size='2'>
        <property name='artifact.size' value='118290'/>
        <property name='download.size' value='118290'/>
      </properties>
      <repositoryProperties size='1'>
        <property name='artifact.folder' value='true'/>
      </repositoryProperties>
    </artifact>
    <artifact classifier='osgi.bundle' id='org.eclipse.equinox.p2.director' version='1.0.100.v20090520-1905'>
      <properties size='2'>
        <property name='artifact.size' value='86973'/>
        <property name='download.size' value='86973'/>
      </properties>
    </artifact>
    <artifact classifier='osgi.bundle' id='org.eclipse.core.filesystem' version='1.2.0.v20090507'>
      <properties size='2'>
        <property name='artifact.size' value='44352'/>
        <property name='download.size' value='44352'/>
      </properties>
    </artifact>
    <artifact classifier='osgi.bundle' id='org.eclipse.mylyn.java.ui' version='3.2.2.v20090912-0400-e3x'>
      <properties size='2'>
        <property name='artifact.size' value='147395'/>
        <property name='download.size' value='147395'/>
      </properties>
    </artifact>
    <artifact classifier='osgi.bundle' id='org.apache.commons.el' version='1.0.0.v200806031608'>
      <properties size='2'>
        <property name='artifact.size' value='127481'/>
        <property name='download.size' value='127481'/>
      </properties>
    </artifact>
    <artifact classifier='osgi.bundle' id='org.eclipse.wst.sse.ui.infopop' version='1.0.200.v200805301545'>
      <properties size='2'>
        <property name='artifact.size' value='7779'/>
        <property name='download.size' value='7779'/>
      </properties>
    </artifact>
    <artifact classifier='osgi.bundle' id='org.apache.lucene' version='1.9.1.v20080530-1600'>
      <properties size='2'>
        <property name='artifact.size' value='444122'/>
        <property name='download.size' value='444122'/>
      </properties>
    </artifact>
    <artifact classifier='osgi.bundle' id='org.eclipse.jdt' version='3.5.1.v200909170800'>
      <properties size='2'>
        <property name='artifact.size' value='42343'/>
        <property name='download.size' value='42343'/>
      </properties>
    </artifact>
    <artifact classifier='osgi.bundle' id='org.eclipse.ui.browser' version='3.2.300.v20090526'>
      <properties size='2'>
        <property name='artifact.size' value='187087'/>
        <property name='download.size' value='187087'/>
      </properties>
    </artifact>
    <artifact classifier='osgi.bundle' id='org.eclipse.osgi.util' version='3.2.0.v20090520-1800'>
      <properties size='2'>
        <property name='artifact.size' value='22471'/>
        <property name='download.size' value='22471'/>
      </properties>
    </artifact>
    <artifact classifier='osgi.bundle' id='org.eclipse.equinox.p2.updatechecker' version='1.1.0.v20090520-1905'>
      <properties size='2'>
        <property name='artifact.size' value='15028'/>
        <property name='download.size' value='15028'/>
      </properties>
    </artifact>
    <artifact classifier='osgi.bundle' id='org.eclipse.jdt.apt.ui' version='3.3.200.v20090528-1135'>
      <properties size='2'>
        <property name='artifact.size' value='66344'/>
        <property name='download.size' value='66344'/>
      </properties>
    </artifact>
    <artifact classifier='osgi.bundle' id='org.eclipse.equinox.p2.reconciler.dropins' version='1.0.100.v20090520-1905'>
      <properties size='2'>
        <property name='artifact.size' value='39917'/>
        <property name='download.size' value='39917'/>
      </properties>
    </artifact>
    <artifact classifier='osgi.bundle' id='org.eclipse.ui.workbench.compatibility' version='3.2.0.I20090429-1800'>
      <properties size='2'>
        <property name='artifact.size' value='11453'/>
        <property name='download.size' value='11453'/>
      </properties>
      <repositoryProperties size='1'>
        <property name='artifact.folder' value='true'/>
      </repositoryProperties>
    </artifact>
    <artifact classifier='osgi.bundle' id='org.eclipse.core.boot' version='3.1.100.v20080218'>
      <properties size='2'>
        <property name='artifact.size' value='5018'/>
        <property name='download.size' value='5018'/>
      </properties>
    </artifact>
    <artifact classifier='osgi.bundle' id='org.eclipse.ui.workbench.texteditor' version='3.5.0.v20090603'>
      <properties size='2'>
        <property name='artifact.size' value='563966'/>
        <property name='download.size' value='563966'/>
      </properties>
    </artifact>
    <artifact classifier='osgi.bundle' id='javax.servlet' version='2.5.0.v200806031605'>
      <properties size='2'>
        <property name='artifact.size' value='117853'/>
        <property name='download.size' value='117853'/>
      </properties>
    </artifact>
    <artifact classifier='osgi.bundle' id='org.apache.commons.logging' version='1.0.4.v200904062259'>
      <properties size='2'>
        <property name='artifact.size' value='44210'/>
        <property name='download.size' value='44210'/>
      </properties>
    </artifact>
    <artifact classifier='osgi.bundle' id='org.eclipse.equinox.http.registry' version='1.0.200.v20090520-1800'>
      <properties size='2'>
        <property name='artifact.size' value='36131'/>
        <property name='download.size' value='36131'/>
      </properties>
    </artifact>
    <artifact classifier='org.eclipse.update.feature' id='org.eclipse.cvs' version='1.1.101.R35x_v20090811-7E79FEd9KKF5H2YDWFLLBL01A16'>
      <properties size='2'>
        <property name='download.size' value='27784'/>
        <property name='artifact.size' value='27784'/>
      </properties>
      <repositoryProperties size='1'>
        <property name='artifact.folder' value='true'/>
      </repositoryProperties>
    </artifact>
    <artifact classifier='osgi.bundle' id='org.sat4j.core' version='2.1.0.v20090520'>
      <properties size='2'>
        <property name='artifact.size' value='175618'/>
        <property name='download.size' value='175618'/>
      </properties>
    </artifact>
    <artifact classifier='osgi.bundle' id='org.eclipse.help.webapp' version='3.4.1.v20090819_35x'>
      <properties size='2'>
        <property name='artifact.size' value='467112'/>
        <property name='download.size' value='467112'/>
      </properties>
    </artifact>
    <artifact classifier='osgi.bundle' id='org.eclipse.mylyn.wikitext.textile.ui' version='1.1.2.v20090912-0400-e3x'>
      <properties size='2'>
        <property name='artifact.size' value='9248'/>
        <property name='download.size' value='9248'/>
      </properties>
    </artifact>
    <artifact classifier='osgi.bundle' id='org.eclipse.jdt.launching' version='3.5.0.v20090527'>
      <properties size='2'>
        <property name='artifact.size' value='289393'/>
        <property name='download.size' value='289393'/>
      </properties>
    </artifact>
    <artifact classifier='osgi.bundle' id='org.eclipse.emf.ecore.edit' version='2.5.0.v200906151043'>
      <properties size='2'>
        <property name='artifact.size' value='122135'/>
        <property name='download.size' value='122135'/>
      </properties>
    </artifact>
    <artifact classifier='osgi.bundle' id='org.eclipse.mylyn.ide.ui' version='3.2.2.v20090912-0400-e3x'>
      <properties size='2'>
        <property name='artifact.size' value='31901'/>
        <property name='download.size' value='31901'/>
      </properties>
    </artifact>
    <artifact classifier='osgi.bundle' id='org.apache.jasper' version='5.5.17.v200903231320'>
      <properties size='2'>
        <property name='artifact.size' value='1721330'/>
        <property name='download.size' value='1721330'/>
      </properties>
    </artifact>
    <artifact classifier='osgi.bundle' id='org.eclipse.wst.dtd.ui.infopop' version='1.0.300.v200805140200'>
      <properties size='2'>
        <property name='artifact.size' value='7682'/>
        <property name='download.size' value='7682'/>
      </properties>
    </artifact>
    <artifact classifier='osgi.bundle' id='org.eclipse.mylyn.commons.net' version='3.2.0.v20090617-0100-e3x'>
      <properties size='2'>
        <property name='artifact.size' value='64840'/>
        <property name='download.size' value='64840'/>
      </properties>
    </artifact>
    <artifact classifier='osgi.bundle' id='org.eclipse.core.net.win32.x86' version='1.0.0.I20080909'>
      <properties size='2'>
        <property name='artifact.size' value='28491'/>
        <property name='download.size' value='28491'/>
      </properties>
    </artifact>
    <artifact classifier='osgi.bundle' id='org.eclipse.platform' version='3.3.201.v200909170800'>
      <properties size='2'>
        <property name='artifact.size' value='350347'/>
        <property name='download.size' value='350347'/>
      </properties>
      <repositoryProperties size='1'>
        <property name='artifact.folder' value='true'/>
      </repositoryProperties>
    </artifact>
    <artifact classifier='osgi.bundle' id='org.eclipse.core.resources.compatibility' version='3.4.0.v20090505'>
      <properties size='2'>
        <property name='artifact.size' value='116620'/>
        <property name='download.size' value='116620'/>
      </properties>
    </artifact>
    <artifact classifier='osgi.bundle' id='org.eclipse.ui.intro.universal' version='3.2.300.v20090526'>
      <properties size='2'>
        <property name='artifact.size' value='1666945'/>
        <property name='download.size' value='1666945'/>
      </properties>
      <repositoryProperties size='1'>
        <property name='artifact.folder' value='true'/>
      </repositoryProperties>
    </artifact>
    <artifact classifier='osgi.bundle' id='org.eclipse.jface' version='3.5.1.M20090826-0800'>
      <properties size='2'>
        <property name='artifact.size' value='1057998'/>
        <property name='download.size' value='1057998'/>
      </properties>
    </artifact>
    <artifact classifier='osgi.bundle' id='org.eclipse.mylyn.help.ui' version='3.2.2.v20090912-0400-e3x'>
      <properties size='2'>
        <property name='artifact.size' value='1773827'/>
        <property name='download.size' value='1773827'/>
      </properties>
    </artifact>
    <artifact classifier='osgi.bundle' id='org.eclipse.mylyn.wikitext.ui' version='1.1.2.v20090912-0400-e3x'>
      <properties size='2'>
        <property name='artifact.size' value='363548'/>
        <property name='download.size' value='363548'/>
      </properties>
    </artifact>
    <artifact classifier='osgi.bundle' id='org.eclipse.compare.core' version='3.5.0.I20090430-0408'>
      <properties size='2'>
        <property name='artifact.size' value='60127'/>
        <property name='download.size' value='60127'/>
      </properties>
    </artifact>
    <artifact classifier='osgi.bundle' id='org.eclipse.rcp' version='3.5.0.v200909170800'>
      <properties size='2'>
        <property name='artifact.size' value='12880'/>
        <property name='download.size' value='12880'/>
      </properties>
    </artifact>
    <artifact classifier='osgi.bundle' id='org.eclipse.wst.common.frameworks' version='1.1.300.v200904160730'>
      <properties size='2'>
        <property name='artifact.size' value='113999'/>
        <property name='download.size' value='113999'/>
      </properties>
    </artifact>
    <artifact classifier='osgi.bundle' id='org.eclipse.core.resources' version='3.5.1.R35x_v20090826-0451'>
      <properties size='2'>
        <property name='artifact.size' value='705904'/>
        <property name='download.size' value='705904'/>
      </properties>
    </artifact>
    <artifact classifier='osgi.bundle' id='org.eclipse.wst.xmleditor.doc.user' version='1.0.600.v200901231300'>
      <properties size='2'>
        <property name='artifact.size' value='127872'/>
        <property name='download.size' value='127872'/>
      </properties>
    </artifact>
    <artifact classifier='osgi.bundle' id='org.eclipse.jface.text' version='3.5.1.r351_v20090708-0800'>
      <properties size='2'>
        <property name='artifact.size' value='970384'/>
        <property name='download.size' value='970384'/>
      </properties>
    </artifact>
    <artifact classifier='osgi.bundle' id='org.eclipse.wst.common.uriresolver' version='1.1.301.v200805140415'>
      <properties size='2'>
        <property name='artifact.size' value='38073'/>
        <property name='download.size' value='38073'/>
      </properties>
    </artifact>
    <artifact classifier='osgi.bundle' id='org.eclipse.ui.ide' version='3.5.1.M20090826-0800'>
      <properties size='2'>
        <property name='artifact.size' value='2068344'/>
        <property name='download.size' value='2068344'/>
      </properties>
    </artifact>
    <artifact classifier='osgi.bundle' id='org.eclipse.ui.forms' version='3.4.1.v20090714_35x'>
      <properties size='2'>
        <property name='artifact.size' value='296330'/>
        <property name='download.size' value='296330'/>
      </properties>
    </artifact>
    <artifact classifier='osgi.bundle' id='org.eclipse.mylyn.tasks.core' version='3.2.2.v20090912-0400-e3x'>
      <properties size='2'>
        <property name='artifact.size' value='322182'/>
        <property name='download.size' value='322182'/>
      </properties>
    </artifact>
    <artifact classifier='osgi.bundle' id='org.eclipse.epp.package.java' version='1.2.1.20090812-1036'>
      <properties size='2'>
        <property name='artifact.size' value='48175'/>
        <property name='download.size' value='48175'/>
      </properties>
      <repositoryProperties size='1'>
        <property name='artifact.folder' value='true'/>
      </repositoryProperties>
    </artifact>
    <artifact classifier='osgi.bundle' id='org.eclipse.equinox.p2.touchpoint.natives' version='1.0.101.R35x_v20090806'>
      <properties size='2'>
        <property name='artifact.size' value='46246'/>
        <property name='download.size' value='46246'/>
      </properties>
    </artifact>
    <artifact classifier='osgi.bundle' id='org.eclipse.mylyn.wikitext.tasks.ui' version='1.1.2.v20090912-0400-e3x'>
      <properties size='2'>
        <property name='artifact.size' value='63699'/>
        <property name='download.size' value='63699'/>
      </properties>
    </artifact>
    <artifact classifier='org.eclipse.update.feature' id='org.eclipse.equinox.p2.user.ui' version='1.1.1.R35x_v20090811-7u6FbEFYXk1qWdbS0gnpRg2932'>
      <properties size='2'>
        <property name='download.size' value='27960'/>
        <property name='artifact.size' value='27960'/>
      </properties>
      <repositoryProperties size='1'>
        <property name='artifact.folder' value='true'/>
      </repositoryProperties>
    </artifact>
    <artifact classifier='osgi.bundle' id='org.eclipse.equinox.frameworkadmin' version='1.0.100.v20090520-1905'>
      <properties size='2'>
        <property name='artifact.size' value='33630'/>
        <property name='download.size' value='33630'/>
      </properties>
    </artifact>
    <artifact classifier='osgi.bundle' id='org.eclipse.core.runtime.compatibility.auth' version='3.2.100.v20090413'>
      <properties size='2'>
        <property name='artifact.size' value='21559'/>
        <property name='download.size' value='21559'/>
      </properties>
    </artifact>
    <artifact classifier='osgi.bundle' id='org.eclipse.wst.common.modulecore' version='1.1.301.v200908101600'>
      <properties size='2'>
        <property name='artifact.size' value='294663'/>
        <property name='download.size' value='294663'/>
      </properties>
    </artifact>
    <artifact classifier='osgi.bundle' id='org.eclipse.equinox.p2.ui.sdk' version='1.0.100.v20090520-1905'>
      <properties size='2'>
        <property name='artifact.size' value='34768'/>
        <property name='download.size' value='34768'/>
      </properties>
    </artifact>
    <artifact classifier='osgi.bundle' id='org.apache.xml.serializer' version='2.7.1.v200902170519'>
      <properties size='2'>
        <property name='artifact.size' value='292012'/>
        <property name='download.size' value='292012'/>
      </properties>
    </artifact>
    <artifact classifier='osgi.bundle' id='org.eclipse.mylyn.discovery.core' version='3.2.2.v20090912-0400-e3x'>
      <properties size='2'>
        <property name='artifact.size' value='69857'/>
        <property name='download.size' value='69857'/>
      </properties>
    </artifact>
    <artifact classifier='osgi.bundle' id='org.eclipse.wst.sse.doc.user' version='1.1.0.v200805211530'>
      <properties size='2'>
        <property name='artifact.size' value='120919'/>
        <property name='download.size' value='120919'/>
      </properties>
    </artifact>
    <artifact classifier='osgi.bundle' id='org.eclipse.mylyn.wikitext.twiki.core' version='1.1.2.v20090912-0400-e3x'>
      <properties size='2'>
        <property name='artifact.size' value='43595'/>
        <property name='download.size' value='43595'/>
      </properties>
    </artifact>
    <artifact classifier='osgi.bundle' id='org.eclipse.equinox.ds' version='1.1.1.R35x_v20090806'>
      <properties size='2'>
        <property name='artifact.size' value='167178'/>
        <property name='download.size' value='167178'/>
      </properties>
    </artifact>
    <artifact classifier='osgi.bundle' id='org.eclipse.mylyn.resources.ui' version='3.2.2.v20090912-0400-e3x'>
      <properties size='2'>
        <property name='artifact.size' value='54332'/>
        <property name='download.size' value='54332'/>
      </properties>
    </artifact>
    <artifact classifier='osgi.bundle' id='javax.servlet.jsp' version='2.0.0.v200806031607'>
      <properties size='2'>
        <property name='artifact.size' value='62707'/>
        <property name='download.size' value='62707'/>
      </properties>
    </artifact>
    <artifact classifier='osgi.bundle' id='org.eclipse.help.ui' version='3.4.1.v20090819_35x'>
      <properties size='2'>
        <property name='artifact.size' value='465952'/>
        <property name='download.size' value='465952'/>
      </properties>
    </artifact>
    <artifact classifier='osgi.bundle' id='org.eclipse.equinox.p2.console' version='1.0.100.v20090520-1905'>
      <properties size='2'>
        <property name='artifact.size' value='18658'/>
        <property name='download.size' value='18658'/>
      </properties>
    </artifact>
    <artifact classifier='osgi.bundle' id='org.eclipse.mylyn.monitor.core' version='3.2.2.v20090912-0400-e3x'>
      <properties size='2'>
        <property name='artifact.size' value='35069'/>
        <property name='download.size' value='35069'/>
      </properties>
    </artifact>
    <artifact classifier='osgi.bundle' id='org.eclipse.search' version='3.5.1.r351_v20090708-0800'>
      <properties size='2'>
        <property name='artifact.size' value='462136'/>
        <property name='download.size' value='462136'/>
      </properties>
    </artifact>
    <artifact classifier='osgi.bundle' id='org.eclipse.equinox.launcher' version='1.0.201.R35x_v20090715'>
      <properties size='2'>
        <property name='artifact.size' value='44817'/>
        <property name='download.size' value='44817'/>
      </properties>
    </artifact>
    <artifact classifier='osgi.bundle' id='org.eclipse.ecf.provider.filetransfer.ssl' version='1.0.0.v20090831-1906'>
      <properties size='2'>
        <property name='artifact.size' value='7278'/>
        <property name='download.size' value='7278'/>
      </properties>
    </artifact>
    <artifact classifier='osgi.bundle' id='org.eclipse.core.runtime.compatibility.registry' version='3.2.200.v20090429-1800'>
      <properties size='2'>
        <property name='artifact.size' value='14391'/>
        <property name='download.size' value='14391'/>
      </properties>
      <repositoryProperties size='1'>
        <property name='artifact.folder' value='true'/>
      </repositoryProperties>
    </artifact>
    <artifact classifier='osgi.bundle' id='org.eclipse.mylyn.wikitext.textile.core' version='1.1.2.v20090912-0400-e3x'>
      <properties size='2'>
        <property name='artifact.size' value='54353'/>
        <property name='download.size' value='54353'/>
      </properties>
    </artifact>
    <artifact classifier='osgi.bundle' id='org.eclipse.emf.edit.ui' version='2.5.0.v200906151043'>
      <properties size='2'>
        <property name='artifact.size' value='159959'/>
        <property name='download.size' value='159959'/>
      </properties>
    </artifact>
    <artifact classifier='osgi.bundle' id='org.eclipse.draw2d' version='3.5.1.v20090813-1341'>
      <properties size='2'>
        <property name='artifact.size' value='533455'/>
        <property name='download.size' value='533455'/>
      </properties>
    </artifact>
    <artifact classifier='osgi.bundle' id='org.eclipse.team.core' version='3.5.0.I20090527-0620'>
      <properties size='2'>
        <property name='artifact.size' value='385036'/>
        <property name='download.size' value='385036'/>
      </properties>
    </artifact>
    <artifact classifier='osgi.bundle' id='org.eclipse.mylyn.compatibility' version='3.2.2.v20090912-0400-e3x'>
      <properties size='2'>
        <property name='artifact.size' value='10314'/>
        <property name='download.size' value='10314'/>
      </properties>
    </artifact>
    <artifact classifier='org.eclipse.update.feature' id='org.eclipse.mylyn.wikitext_feature' version='1.1.2.v20090912-0400-e3x'>
      <properties size='2'>
        <property name='artifact.size' value='15700'/>
        <property name='download.size' value='15700'/>
      </properties>
      <repositoryProperties size='1'>
        <property name='artifact.folder' value='true'/>
      </repositoryProperties>
    </artifact>
    <artifact classifier='osgi.bundle' id='org.eclipse.ui.presentations.r21' version='3.2.100.I20081007-0800'>
      <properties size='2'>
        <property name='artifact.size' value='93969'/>
        <property name='download.size' value='93969'/>
      </properties>
    </artifact>
    <artifact classifier='osgi.bundle' id='org.eclipse.mylyn.bugzilla.ui' version='3.2.2.v20090912-0400-e3x'>
      <properties size='2'>
        <property name='artifact.size' value='163755'/>
        <property name='download.size' value='163755'/>
      </properties>
    </artifact>
    <artifact classifier='osgi.bundle' id='org.eclipse.mylyn.wikitext.mediawiki.core' version='1.1.2.v20090912-0400-e3x'>
      <properties size='2'>
        <property name='artifact.size' value='51109'/>
        <property name='download.size' value='51109'/>
      </properties>
    </artifact>
    <artifact classifier='osgi.bundle' id='org.eclipse.update.configurator' version='3.3.0.v20090312'>
      <properties size='2'>
        <property name='artifact.size' value='98365'/>
        <property name='download.size' value='98365'/>
      </properties>
    </artifact>
    <artifact classifier='osgi.bundle' id='org.apache.xml.resolver' version='1.2.0.v200902170519'>
      <properties size='2'>
        <property name='artifact.size' value='95169'/>
        <property name='download.size' value='95169'/>
      </properties>
    </artifact>
    <artifact classifier='osgi.bundle' id='org.eclipse.equinox.security.win32.x86' version='1.0.100.v20090520-1800'>
      <properties size='2'>
        <property name='artifact.size' value='20763'/>
        <property name='download.size' value='20763'/>
      </properties>
    </artifact>
    <artifact classifier='osgi.bundle' id='org.eclipse.wst.sse.ui' version='1.1.101.v200908261807'>
      <properties size='2'>
        <property name='artifact.size' value='812788'/>
        <property name='download.size' value='812788'/>
      </properties>
    </artifact>
    <artifact classifier='osgi.bundle' id='org.eclipse.cvs' version='1.0.300.v200909170800'>
      <properties size='2'>
        <property name='artifact.size' value='12900'/>
        <property name='download.size' value='12900'/>
      </properties>
    </artifact>
    <artifact classifier='osgi.bundle' id='org.eclipse.equinox.simpleconfigurator.manipulator' version='1.0.100.v20090520-1905'>
      <properties size='2'>
        <property name='artifact.size' value='21357'/>
        <property name='download.size' value='21357'/>
      </properties>
    </artifact>
    <artifact classifier='osgi.bundle' id='org.eclipse.core.commands' version='3.5.0.I20090525-2000'>
      <properties size='2'>
        <property name='artifact.size' value='105796'/>
        <property name='download.size' value='105796'/>
      </properties>
    </artifact>
    <artifact classifier='osgi.bundle' id='org.eclipse.xsd' version='2.5.0.v200906151043'>
      <properties size='2'>
        <property name='artifact.size' value='752484'/>
        <property name='download.size' value='752484'/>
      </properties>
    </artifact>
    <artifact classifier='org.eclipse.update.feature' id='org.eclipse.epp.usagedata.feature' version='1.1.0.R200906100410'>
      <properties size='2'>
        <property name='artifact.size' value='16381'/>
        <property name='download.size' value='16381'/>
      </properties>
      <repositoryProperties size='1'>
        <property name='artifact.folder' value='true'/>
      </repositoryProperties>
    </artifact>
    <artifact classifier='osgi.bundle' id='org.eclipse.ui.navigator.resources' version='3.4.1.M20090826-0800'>
      <properties size='2'>
        <property name='artifact.size' value='125565'/>
        <property name='download.size' value='125565'/>
      </properties>
    </artifact>
    <artifact classifier='osgi.bundle' id='org.eclipse.mylyn.commons.core' version='3.2.2.v20090912-0400-e3x'>
      <properties size='2'>
        <property name='artifact.size' value='23980'/>
        <property name='download.size' value='23980'/>
      </properties>
    </artifact>
    <artifact classifier='osgi.bundle' id='org.eclipse.mylyn.context.core' version='3.2.2.v20090912-0400-e3x'>
      <properties size='2'>
        <property name='artifact.size' value='106529'/>
        <property name='download.size' value='106529'/>
      </properties>
    </artifact>
    <artifact classifier='osgi.bundle' id='org.eclipse.compare.win32' version='1.0.0.I20090430-0408'>
      <properties size='2'>
        <property name='artifact.size' value='36013'/>
        <property name='download.size' value='36013'/>
      </properties>
    </artifact>
    <artifact classifier='osgi.bundle' id='org.eclipse.wst.common.environment' version='1.0.301.v200908101600'>
      <properties size='2'>
        <property name='artifact.size' value='42821'/>
        <property name='download.size' value='42821'/>
      </properties>
    </artifact>
    <artifact classifier='osgi.bundle' id='org.mortbay.jetty.server' version='6.1.15.v200905151201'>
      <properties size='2'>
        <property name='artifact.size' value='539578'/>
        <property name='download.size' value='539578'/>
      </properties>
    </artifact>
    <artifact classifier='osgi.bundle' id='org.eclipse.emf.ecore' version='2.5.0.v200906151043'>
      <properties size='2'>
        <property name='artifact.size' value='1055171'/>
        <property name='download.size' value='1055171'/>
      </properties>
    </artifact>
    <artifact classifier='osgi.bundle' id='org.eclipse.equinox.simpleconfigurator' version='1.0.101.R35x_v20090807-1100'>
      <properties size='2'>
        <property name='artifact.size' value='37632'/>
        <property name='download.size' value='37632'/>
      </properties>
    </artifact>
    <artifact classifier='osgi.bundle' id='org.eclipse.equinox.p2.ui' version='1.0.101.R35x_v20090819'>
      <properties size='2'>
        <property name='artifact.size' value='543635'/>
        <property name='download.size' value='543635'/>
      </properties>
    </artifact>
    <artifact classifier='osgi.bundle' id='org.eclipse.mylyn' version='3.2.2.v20090912-0400-e3x'>
      <properties size='2'>
        <property name='artifact.size' value='6895'/>
        <property name='download.size' value='6895'/>
      </properties>
    </artifact>
    <artifact classifier='osgi.bundle' id='org.eclipse.ui.console' version='3.4.0.v20090513'>
      <properties size='2'>
        <property name='artifact.size' value='158294'/>
        <property name='download.size' value='158294'/>
      </properties>
    </artifact>
    <artifact classifier='osgi.bundle' id='org.eclipse.ltk.core.refactoring' version='3.5.0.v20090513-2000'>
      <properties size='2'>
        <property name='artifact.size' value='315800'/>
        <property name='download.size' value='315800'/>
      </properties>
    </artifact>
    <artifact classifier='osgi.bundle' id='org.eclipse.core.resources.win32.x86' version='3.5.0.v20081020'>
      <properties size='2'>
        <property name='artifact.size' value='15761'/>
        <property name='download.size' value='15761'/>
      </properties>
    </artifact>
    <artifact classifier='osgi.bundle' id='org.eclipse.core.variables' version='3.2.200.v20090521'>
      <properties size='2'>
        <property name='artifact.size' value='31660'/>
        <property name='download.size' value='31660'/>
      </properties>
    </artifact>
    <artifact classifier='osgi.bundle' id='org.eclipse.team.cvs.ui' version='3.3.201.R35x_v20090826-0905'>
      <properties size='2'>
        <property name='artifact.size' value='1655253'/>
        <property name='download.size' value='1655253'/>
      </properties>
    </artifact>
    <artifact classifier='osgi.bundle' id='org.eclipse.wst.common.snippets' version='1.1.300.v200903120643'>
      <properties size='2'>
        <property name='artifact.size' value='255443'/>
        <property name='download.size' value='255443'/>
      </properties>
    </artifact>
    <artifact classifier='osgi.bundle' id='org.apache.ant' version='1.7.1.v20090120-1145'>
      <properties size='2'>
        <property name='artifact.size' value='2016389'/>
        <property name='download.size' value='2016389'/>
      </properties>
      <repositoryProperties size='1'>
        <property name='artifact.folder' value='true'/>
      </repositoryProperties>
    </artifact>
    <artifact classifier='osgi.bundle' id='org.eclipse.platform.doc.user' version='3.5.1.r351_v20090821-0800'>
      <properties size='2'>
        <property name='artifact.size' value='7090764'/>
        <property name='download.size' value='7090764'/>
      </properties>
    </artifact>
    <artifact classifier='org.eclipse.update.feature' id='org.eclipse.mylyn.java_feature' version='3.2.2.v20090912-0400-e3x'>
      <properties size='2'>
        <property name='artifact.size' value='15740'/>
        <property name='download.size' value='15740'/>
      </properties>
      <repositoryProperties size='1'>
        <property name='artifact.folder' value='true'/>
      </repositoryProperties>
    </artifact>
    <artifact classifier='osgi.bundle' id='org.eclipse.core.filesystem.win32.x86' version='1.1.0.v20080604-1400'>
      <properties size='2'>
        <property name='artifact.size' value='16984'/>
        <property name='download.size' value='16984'/>
      </properties>
    </artifact>
    <artifact classifier='osgi.bundle' id='org.eclipse.update.core.win32' version='3.2.100.v20080107'>
      <properties size='2'>
        <property name='artifact.size' value='85086'/>
        <property name='download.size' value='85086'/>
      </properties>
    </artifact>
    <artifact classifier='osgi.bundle' id='org.eclipse.help.base' version='3.4.0.v200909170800'>
      <properties size='2'>
        <property name='artifact.size' value='343087'/>
        <property name='download.size' value='343087'/>
      </properties>
    </artifact>
    <artifact classifier='osgi.bundle' id='org.eclipse.text' version='3.5.0.v20090513-2000'>
      <properties size='2'>
        <property name='artifact.size' value='245732'/>
        <property name='download.size' value='245732'/>
      </properties>
    </artifact>
    <artifact classifier='osgi.bundle' id='org.eclipse.mylyn.bugzilla.core' version='3.2.2.v20090912-0400-e3x'>
      <properties size='2'>
        <property name='artifact.size' value='183521'/>
        <property name='download.size' value='183521'/>
      </properties>
    </artifact>
    <artifact classifier='org.eclipse.update.feature' id='org.eclipse.wst.common_ui.feature' version='3.1.1.v200908102300-7B5FRGDhdMNPnndenAjpWJAReO5Q'>
      <properties size='2'>
        <property name='artifact.size' value='27923'/>
        <property name='download.size' value='27923'/>
      </properties>
      <repositoryProperties size='1'>
        <property name='artifact.folder' value='true'/>
      </repositoryProperties>
    </artifact>
    <artifact classifier='osgi.bundle' id='org.eclipse.wst.xsdeditor.doc.user' version='1.0.700.v200905182240'>
      <properties size='2'>
        <property name='artifact.size' value='119625'/>
        <property name='download.size' value='119625'/>
      </properties>
    </artifact>
    <artifact classifier='osgi.bundle' id='org.eclipse.equinox.jsp.jasper' version='1.0.200.v20090520-1800'>
      <properties size='2'>
        <property name='artifact.size' value='22552'/>
        <property name='download.size' value='22552'/>
      </properties>
    </artifact>
    <artifact classifier='org.eclipse.update.feature' id='org.eclipse.help' version='1.1.1.R35x_v20090811-7e7eFAnFEx2XZoYz0uPgIfwD'>
      <properties size='2'>
        <property name='download.size' value='27854'/>
        <property name='artifact.size' value='27854'/>
      </properties>
      <repositoryProperties size='1'>
        <property name='artifact.folder' value='true'/>
      </repositoryProperties>
    </artifact>
    <artifact classifier='osgi.bundle' id='org.eclipse.help' version='3.4.1.v20090805_35x'>
      <properties size='2'>
        <property name='artifact.size' value='218339'/>
        <property name='download.size' value='218339'/>
      </properties>
    </artifact>
    <artifact classifier='osgi.bundle' id='org.eclipse.emf.ecore.change' version='2.5.0.v200906151043'>
      <properties size='2'>
        <property name='artifact.size' value='82273'/>
        <property name='download.size' value='82273'/>
      </properties>
    </artifact>
    <artifact classifier='osgi.bundle' id='org.eclipse.update.core' version='3.2.300.v20090525'>
      <properties size='2'>
        <property name='artifact.size' value='594277'/>
        <property name='download.size' value='594277'/>
      </properties>
    </artifact>
    <artifact classifier='osgi.bundle' id='org.eclipse.jface.databinding' version='1.3.1.M20090826-0800'>
      <properties size='2'>
        <property name='artifact.size' value='263837'/>
        <property name='download.size' value='263837'/>
      </properties>
    </artifact>
    <artifact classifier='org.eclipse.update.feature' id='org.eclipse.epp.package.java.feature' version='1.2.1.20090918-0703'>
      <properties size='2'>
        <property name='artifact.size' value='14507'/>
        <property name='download.size' value='14507'/>
      </properties>
      <repositoryProperties size='1'>
        <property name='artifact.folder' value='true'/>
      </repositoryProperties>
    </artifact>
    <artifact classifier='osgi.bundle' id='org.apache.commons.lang' version='2.3.0.v200803061910'>
      <properties size='2'>
        <property name='artifact.size' value='258305'/>
        <property name='download.size' value='258305'/>
      </properties>
    </artifact>
    <artifact classifier='osgi.bundle' id='org.eclipse.wst.validation.ui' version='1.2.104.v200904232035'>
      <properties size='2'>
        <property name='artifact.size' value='141150'/>
        <property name='download.size' value='141150'/>
      </properties>
    </artifact>
    <artifact classifier='osgi.bundle' id='org.eclipse.equinox.p2.core' version='1.0.101.R35x_v20090819'>
      <properties size='2'>
        <property name='artifact.size' value='125324'/>
        <property name='download.size' value='125324'/>
      </properties>
    </artifact>
    <artifact classifier='osgi.bundle' id='org.eclipse.equinox.p2.metadata' version='1.0.100.v20090525'>
      <properties size='2'>
        <property name='artifact.size' value='53187'/>
        <property name='download.size' value='53187'/>
      </properties>
    </artifact>
    <artifact classifier='osgi.bundle' id='org.eclipse.update.scheduler' version='3.2.200.v20081127'>
      <properties size='2'>
        <property name='artifact.size' value='30613'/>
        <property name='download.size' value='30613'/>
      </properties>
    </artifact>
    <artifact classifier='osgi.bundle' id='org.eclipse.jdt.apt.pluggable.core' version='1.0.201.R35x_v20090818-0225'>
      <properties size='2'>
        <property name='artifact.size' value='31119'/>
        <property name='download.size' value='31119'/>
      </properties>
    </artifact>
    <artifact classifier='org.eclipse.update.feature' id='org.eclipse.wst.xml_ui.feature' version='3.1.1.v200907161031-7H6FM_DxtkM-7aeTHKEBbQqcZOZ2'>
      <properties size='2'>
        <property name='artifact.size' value='28057'/>
        <property name='download.size' value='28057'/>
      </properties>
      <repositoryProperties size='1'>
        <property name='artifact.folder' value='true'/>
      </repositoryProperties>
    </artifact>
    <artifact classifier='osgi.bundle' id='org.eclipse.jdt.debug' version='3.5.0.v20090526'>
      <properties size='2'>
        <property name='artifact.size' value='806584'/>
        <property name='download.size' value='806584'/>
      </properties>
      <repositoryProperties size='1'>
        <property name='artifact.folder' value='true'/>
      </repositoryProperties>
    </artifact>
    <artifact classifier='osgi.bundle' id='org.eclipse.equinox.p2.repository.tools' version='1.0.1.R35x_v20090806'>
      <properties size='2'>
        <property name='artifact.size' value='167548'/>
        <property name='download.size' value='167548'/>
      </properties>
    </artifact>
    <artifact classifier='osgi.bundle' id='org.eclipse.ecf.provider.filetransfer' version='3.0.1.v20090831-1906'>
      <properties size='2'>
        <property name='artifact.size' value='121007'/>
        <property name='download.size' value='121007'/>
      </properties>
    </artifact>
    <artifact classifier='osgi.bundle' id='org.eclipse.xsd.edit' version='2.5.0.v200906151043'>
      <properties size='2'>
        <property name='artifact.size' value='220769'/>
        <property name='download.size' value='220769'/>
      </properties>
    </artifact>
    <artifact classifier='osgi.bundle' id='org.eclipse.wst.common.frameworks.ui' version='1.1.301.v200908101600'>
      <properties size='2'>
        <property name='artifact.size' value='143656'/>
        <property name='download.size' value='143656'/>
      </properties>
    </artifact>
    <artifact classifier='osgi.bundle' id='org.eclipse.core.jobs' version='3.4.100.v20090429-1800'>
      <properties size='2'>
        <property name='artifact.size' value='81848'/>
        <property name='download.size' value='81848'/>
      </properties>
    </artifact>
    <artifact classifier='osgi.bundle' id='org.eclipse.mylyn.wikitext.confluence.ui' version='1.1.2.v20090912-0400-e3x'>
      <properties size='2'>
        <property name='artifact.size' value='8815'/>
        <property name='download.size' value='8815'/>
      </properties>
    </artifact>
    <artifact classifier='osgi.bundle' id='org.eclipse.core.runtime' version='3.5.0.v20090525'>
      <properties size='2'>
        <property name='artifact.size' value='69761'/>
        <property name='download.size' value='69761'/>
      </properties>
    </artifact>
    <artifact classifier='osgi.bundle' id='org.eclipse.update.ui' version='3.2.201.R35x_v20090813'>
      <properties size='2'>
        <property name='artifact.size' value='505946'/>
        <property name='download.size' value='505946'/>
      </properties>
    </artifact>
    <artifact classifier='osgi.bundle' id='org.eclipse.ui' version='3.5.1.M20090902-1000'>
      <properties size='2'>
        <property name='artifact.size' value='149383'/>
        <property name='download.size' value='149383'/>
      </properties>
    </artifact>
    <artifact classifier='osgi.bundle' id='org.eclipse.equinox.frameworkadmin.equinox' version='1.0.100.v20090520-1905'>
      <properties size='2'>
        <property name='artifact.size' value='60354'/>
        <property name='download.size' value='60354'/>
      </properties>
    </artifact>
    <artifact classifier='osgi.bundle' id='org.eclipse.jsch.ui' version='1.1.200.I20090430-0408'>
      <properties size='2'>
        <property name='artifact.size' value='82688'/>
        <property name='download.size' value='82688'/>
      </properties>
    </artifact>
    <artifact classifier='osgi.bundle' id='org.eclipse.mylyn.wikitext.help.ui' version='1.1.2.v20090912-0400-e3x'>
      <properties size='2'>
        <property name='artifact.size' value='991440'/>
        <property name='download.size' value='991440'/>
      </properties>
    </artifact>
    <artifact classifier='osgi.bundle' id='org.eclipse.equinox.p2.director.app' version='1.0.100.v20090521-1912'>
      <properties size='2'>
        <property name='artifact.size' value='39709'/>
        <property name='download.size' value='39709'/>
      </properties>
    </artifact>
    <artifact classifier='osgi.bundle' id='org.eclipse.team.cvs.ssh' version='3.2.100.I20090508-2000'>
      <properties size='2'>
        <property name='artifact.size' value='54408'/>
        <property name='download.size' value='54408'/>
      </properties>
    </artifact>
    <artifact classifier='osgi.bundle' id='org.eclipse.wst.internet.cache' version='1.0.301.v200805140020'>
      <properties size='2'>
        <property name='artifact.size' value='41581'/>
        <property name='download.size' value='41581'/>
      </properties>
    </artifact>
    <artifact classifier='osgi.bundle' id='org.eclipse.ui.win32' version='3.2.100.v20090429-1800'>
      <properties size='2'>
        <property name='artifact.size' value='23399'/>
        <property name='download.size' value='23399'/>
      </properties>
    </artifact>
    <artifact classifier='osgi.bundle' id='org.eclipse.wst.common.emf' version='1.1.301.v200908181930'>
      <properties size='2'>
        <property name='artifact.size' value='210170'/>
        <property name='download.size' value='210170'/>
      </properties>
    </artifact>
    <artifact classifier='osgi.bundle' id='org.eclipse.help.appserver' version='3.1.400.v20090429_1800'>
      <properties size='2'>
        <property name='artifact.size' value='17081'/>
        <property name='download.size' value='17081'/>
      </properties>
    </artifact>
    <artifact classifier='org.eclipse.update.feature' id='org.eclipse.mylyn.team_feature' version='3.2.2.v20090912-0400-e3x'>
      <properties size='2'>
        <property name='artifact.size' value='15588'/>
        <property name='download.size' value='15588'/>
      </properties>
      <repositoryProperties size='1'>
        <property name='artifact.folder' value='true'/>
      </repositoryProperties>
    </artifact>
    <artifact classifier='osgi.bundle' id='org.eclipse.epp.usagedata.ui' version='1.1.0.R200906100410'>
      <properties size='2'>
        <property name='artifact.size' value='159165'/>
        <property name='download.size' value='159165'/>
      </properties>
    </artifact>
    <artifact classifier='osgi.bundle' id='org.eclipse.jem.util' version='2.0.200.v200905140200'>
      <properties size='2'>
        <property name='artifact.size' value='104908'/>
        <property name='download.size' value='104908'/>
      </properties>
    </artifact>
    <artifact classifier='osgi.bundle' id='org.eclipse.jdt.doc.user' version='3.5.1.r351_v20090821-0800'>
      <properties size='2'>
        <property name='artifact.size' value='7469396'/>
        <property name='download.size' value='7469396'/>
      </properties>
    </artifact>
    <artifact classifier='osgi.bundle' id='org.eclipse.ui.views' version='3.4.1.M20090826-0800'>
      <properties size='2'>
        <property name='artifact.size' value='88031'/>
        <property name='download.size' value='88031'/>
      </properties>
    </artifact>
    <artifact classifier='osgi.bundle' id='org.eclipse.mylyn.tasks.bugs' version='3.2.2.v20090912-0400-e3x'>
      <properties size='2'>
        <property name='artifact.size' value='86734'/>
        <property name='download.size' value='86734'/>
      </properties>
    </artifact>
    <artifact classifier='osgi.bundle' id='org.apache.commons.httpclient' version='3.1.0.v20080605-1935'>
      <properties size='2'>
        <property name='artifact.size' value='320150'/>
        <property name='download.size' value='320150'/>
      </properties>
    </artifact>
    <artifact classifier='osgi.bundle' id='org.eclipse.jdt.ui' version='3.5.1.r351_v20090821-0800'>
      <properties size='2'>
        <property name='artifact.size' value='9803138'/>
        <property name='download.size' value='9803138'/>
      </properties>
    </artifact>
    <artifact classifier='osgi.bundle' id='org.eclipse.ui.views.properties.tabbed' version='3.5.0.I20090429-1800'>
      <properties size='2'>
        <property name='artifact.size' value='102710'/>
        <property name='download.size' value='102710'/>
      </properties>
    </artifact>
    <artifact classifier='osgi.bundle' id='org.eclipse.ant.ui' version='3.4.1.v20090901_r351'>
      <properties size='2'>
        <property name='artifact.size' value='1081919'/>
        <property name='download.size' value='1081919'/>
      </properties>
    </artifact>
    <artifact classifier='org.eclipse.update.feature' id='org.eclipse.wst.common_core.feature' version='3.1.1.v200908102300-7B77FZ3F7RZHIVI9QdN4PM'>
      <properties size='2'>
        <property name='artifact.size' value='27903'/>
        <property name='download.size' value='27903'/>
      </properties>
      <repositoryProperties size='1'>
        <property name='artifact.folder' value='true'/>
      </repositoryProperties>
    </artifact>
    <artifact classifier='osgi.bundle' id='org.eclipse.equinox.p2.engine' version='1.0.101.R35x_v20090825'>
      <properties size='2'>
        <property name='artifact.size' value='158394'/>
        <property name='download.size' value='158394'/>
      </properties>
    </artifact>
    <artifact classifier='osgi.bundle' id='org.eclipse.equinox.p2.updatesite' version='1.0.100.v20090525'>
      <properties size='2'>
        <property name='artifact.size' value='67147'/>
        <property name='download.size' value='67147'/>
      </properties>
    </artifact>
    <artifact classifier='osgi.bundle' id='org.eclipse.ecf.identity' version='3.0.0.v20090831-1906'>
      <properties size='2'>
        <property name='artifact.size' value='53346'/>
        <property name='download.size' value='53346'/>
      </properties>
    </artifact>
    <artifact classifier='osgi.bundle' id='com.ibm.icu' version='4.0.1.v20090822'>
      <properties size='2'>
        <property name='artifact.size' value='5787493'/>
        <property name='download.size' value='5787493'/>
      </properties>
    </artifact>
    <artifact classifier='osgi.bundle' id='org.apache.lucene.analysis' version='1.9.1.v20080530-1600'>
      <properties size='2'>
        <property name='artifact.size' value='70361'/>
        <property name='download.size' value='70361'/>
      </properties>
    </artifact>
    <artifact classifier='osgi.bundle' id='org.eclipse.wst.common.ui' version='1.1.402.v200901262305'>
      <properties size='2'>
        <property name='artifact.size' value='144919'/>
        <property name='download.size' value='144919'/>
      </properties>
    </artifact>
    <artifact classifier='org.eclipse.update.feature' id='org.eclipse.wst.xml_userdoc.feature' version='3.1.1.v200906020459-50FR7AkF77f7MESDKEF'>
      <properties size='2'>
        <property name='artifact.size' value='27824'/>
        <property name='download.size' value='27824'/>
      </properties>
      <repositoryProperties size='1'>
        <property name='artifact.folder' value='true'/>
      </repositoryProperties>
    </artifact>
    <artifact classifier='osgi.bundle' id='org.eclipse.core.databinding' version='1.2.0.M20090819-0800'>
      <properties size='2'>
        <property name='artifact.size' value='203095'/>
        <property name='download.size' value='203095'/>
      </properties>
    </artifact>
    <artifact classifier='org.eclipse.update.feature' id='org.eclipse.mylyn_feature' version='3.2.2.v20090912-0400-e3x'>
      <properties size='2'>
        <property name='artifact.size' value='15957'/>
        <property name='download.size' value='15957'/>
      </properties>
      <repositoryProperties size='1'>
        <property name='artifact.folder' value='true'/>
      </repositoryProperties>
    </artifact>
    <artifact classifier='osgi.bundle' id='org.eclipse.wst.common.emfworkbench.integration' version='1.1.301.v200908101600'>
      <properties size='2'>
        <property name='artifact.size' value='139453'/>
        <property name='download.size' value='139453'/>
      </properties>
    </artifact>
    <artifact classifier='osgi.bundle' id='org.junit4' version='4.5.0.v20090824'>
      <properties size='2'>
        <property name='artifact.size' value='176732'/>
        <property name='download.size' value='176732'/>
      </properties>
      <repositoryProperties size='1'>
        <property name='artifact.folder' value='true'/>
      </repositoryProperties>
    </artifact>
    <artifact classifier='osgi.bundle' id='org.eclipse.jdt.apt.core' version='3.3.201.R35x_v20090818-0235'>
      <properties size='2'>
        <property name='artifact.size' value='362156'/>
        <property name='download.size' value='362156'/>
      </properties>
    </artifact>
    <artifact classifier='osgi.bundle' id='org.hamcrest.core' version='1.1.0.v20090501071000'>
      <properties size='2'>
        <property name='artifact.size' value='26650'/>
        <property name='download.size' value='26650'/>
      </properties>
    </artifact>
    <artifact classifier='osgi.bundle' id='org.eclipse.wst.common.project.facet.core' version='1.4.1.v200908111817'>
      <properties size='2'>
        <property name='artifact.size' value='351574'/>
        <property name='download.size' value='351574'/>
      </properties>
    </artifact>
    <artifact classifier='osgi.bundle' id='org.eclipse.team.ui' version='3.5.0.I20090430-0408'>
      <properties size='2'>
        <property name='artifact.size' value='1332652'/>
        <property name='download.size' value='1332652'/>
      </properties>
    </artifact>
    <artifact classifier='osgi.bundle' id='org.eclipse.jdt.core.manipulation' version='1.3.0.v20090603'>
      <properties size='2'>
        <property name='artifact.size' value='84637'/>
        <property name='download.size' value='84637'/>
      </properties>
    </artifact>
    <artifact classifier='osgi.bundle' id='org.eclipse.swt' version='3.5.1.v3555a'>
      <properties size='2'>
        <property name='artifact.size' value='16135'/>
        <property name='download.size' value='16135'/>
      </properties>
    </artifact>
    <artifact classifier='osgi.bundle' id='org.eclipse.mylyn.bugzilla.ide' version='3.2.2.v20090912-0400-e3x'>
      <properties size='2'>
        <property name='artifact.size' value='11521'/>
        <property name='download.size' value='11521'/>
      </properties>
    </artifact>
    <artifact classifier='osgi.bundle' id='org.eclipse.wst.dtdeditor.doc.user' version='1.0.500.v200904292308'>
      <properties size='2'>
        <property name='artifact.size' value='37210'/>
        <property name='download.size' value='37210'/>
      </properties>
    </artifact>
    <artifact classifier='osgi.bundle' id='org.eclipse.wst.xsd.core' version='1.1.401.v200903020335'>
      <properties size='2'>
        <property name='artifact.size' value='69572'/>
        <property name='download.size' value='69572'/>
      </properties>
    </artifact>
    <artifact classifier='osgi.bundle' id='org.eclipse.equinox.p2.garbagecollector' version='1.0.100.v20090520-1905'>
      <properties size='2'>
        <property name='artifact.size' value='21556'/>
        <property name='download.size' value='21556'/>
      </properties>
    </artifact>
    <artifact classifier='osgi.bundle' id='org.eclipse.debug.core' version='3.5.0.v20090526-1600'>
      <properties size='2'>
        <property name='artifact.size' value='319471'/>
        <property name='download.size' value='319471'/>
      </properties>
    </artifact>
    <artifact classifier='osgi.bundle' id='org.eclipse.team.cvs.ssh2' version='3.2.200.I20090508-2000'>
      <properties size='2'>
        <property name='artifact.size' value='25655'/>
        <property name='download.size' value='25655'/>
      </properties>
    </artifact>
    <artifact classifier='osgi.bundle' id='org.eclipse.mylyn.wikitext.tracwiki.core' version='1.1.2.v20090912-0400-e3x'>
      <properties size='2'>
        <property name='artifact.size' value='53797'/>
        <property name='download.size' value='53797'/>
      </properties>
    </artifact>
    <artifact classifier='osgi.bundle' id='org.eclipse.equinox.p2.metadata.generator' version='1.0.100.v20090520-1905'>
      <properties size='2'>
        <property name='artifact.size' value='127651'/>
        <property name='download.size' value='127651'/>
      </properties>
    </artifact>
    <artifact classifier='osgi.bundle' id='org.eclipse.mylyn.tasks.ui' version='3.2.2.v20090912-0400-e3x'>
      <properties size='2'>
        <property name='artifact.size' value='1504148'/>
        <property name='download.size' value='1504148'/>
      </properties>
    </artifact>
    <artifact classifier='osgi.bundle' id='org.eclipse.ecf' version='3.0.0.v20090831-1906'>
      <properties size='2'>
        <property name='artifact.size' value='86274'/>
        <property name='download.size' value='86274'/>
      </properties>
    </artifact>
    <artifact classifier='osgi.bundle' id='org.eclipse.core.filebuffers' version='3.5.0.v20090526-2000'>
      <properties size='2'>
        <property name='artifact.size' value='112529'/>
        <property name='download.size' value='112529'/>
      </properties>
    </artifact>
    <artifact classifier='osgi.bundle' id='org.eclipse.equinox.util' version='1.0.100.v20090520-1800'>
      <properties size='2'>
        <property name='artifact.size' value='75578'/>
        <property name='download.size' value='75578'/>
      </properties>
    </artifact>
    <artifact classifier='osgi.bundle' id='org.eclipse.wst.sse.core' version='1.1.401.v200909172215'>
      <properties size='2'>
        <property name='artifact.size' value='410045'/>
        <property name='download.size' value='410045'/>
      </properties>
    </artifact>
    <artifact classifier='osgi.bundle' id='org.eclipse.ui.net' version='1.2.1.r35x_20090812-1200'>
      <properties size='2'>
        <property name='artifact.size' value='45613'/>
        <property name='download.size' value='45613'/>
      </properties>
    </artifact>
    <artifact classifier='osgi.bundle' id='org.eclipse.ui.editors' version='3.5.0.v20090527-2000'>
      <properties size='2'>
        <property name='artifact.size' value='554353'/>
        <property name='download.size' value='554353'/>
      </properties>
    </artifact>
    <artifact classifier='osgi.bundle' id='org.eclipse.ui.navigator' version='3.4.1.M20090911-1550'>
      <properties size='2'>
        <property name='artifact.size' value='359006'/>
        <property name='download.size' value='359006'/>
      </properties>
    </artifact>
    <artifact classifier='osgi.bundle' id='org.eclipse.compare' version='3.5.0.I20090514-0808'>
      <properties size='2'>
        <property name='artifact.size' value='720651'/>
        <property name='download.size' value='720651'/>
      </properties>
    </artifact>
    <artifact classifier='osgi.bundle' id='org.eclipse.equinox.p2.exemplarysetup' version='1.0.100.v20090520-1905'>
      <properties size='2'>
        <property name='artifact.size' value='8414'/>
        <property name='download.size' value='8414'/>
      </properties>
    </artifact>
    <artifact classifier='osgi.bundle' id='org.eclipse.emf.edit' version='2.5.0.v200906151043'>
      <properties size='2'>
        <property name='artifact.size' value='261373'/>
        <property name='download.size' value='261373'/>
      </properties>
    </artifact>
    <artifact classifier='osgi.bundle' id='org.eclipse.equinox.p2.repository' version='1.0.1.v20090901-1041'>
      <properties size='2'>
        <property name='artifact.size' value='106778'/>
        <property name='download.size' value='106778'/>
      </properties>
    </artifact>
    <artifact classifier='org.eclipse.update.feature' id='org.eclipse.mylyn.ide_feature' version='3.2.2.v20090912-0400-e3x'>
      <properties size='2'>
        <property name='artifact.size' value='15721'/>
        <property name='download.size' value='15721'/>
      </properties>
      <repositoryProperties size='1'>
        <property name='artifact.folder' value='true'/>
      </repositoryProperties>
    </artifact>
    <artifact classifier='osgi.bundle' id='org.eclipse.ui.externaltools' version='3.2.0.v20090504'>
      <properties size='2'>
        <property name='artifact.size' value='153249'/>
        <property name='download.size' value='153249'/>
      </properties>
    </artifact>
    <artifact classifier='osgi.bundle' id='org.eclipse.mylyn.team.ui' version='3.2.2.v20090912-0400-e3x'>
      <properties size='2'>
        <property name='artifact.size' value='103846'/>
        <property name='download.size' value='103846'/>
      </properties>
    </artifact>
    <artifact classifier='osgi.bundle' id='org.eclipse.mylyn.context.ui' version='3.2.2.v20090912-0400-e3x'>
      <properties size='2'>
        <property name='artifact.size' value='229252'/>
        <property name='download.size' value='229252'/>
      </properties>
    </artifact>
    <artifact classifier='osgi.bundle' id='org.eclipse.ui.views.log' version='1.0.100.v20090731'>
      <properties size='2'>
        <property name='artifact.size' value='136057'/>
        <property name='download.size' value='136057'/>
      </properties>
    </artifact>
    <artifact classifier='osgi.bundle' id='org.eclipse.jdt.junit.runtime' version='3.4.100.v20090513-2000'>
      <properties size='2'>
        <property name='artifact.size' value='51001'/>
        <property name='download.size' value='51001'/>
      </properties>
    </artifact>
    <artifact classifier='osgi.bundle' id='org.eclipse.core.expressions' version='3.4.100.v20090429-1800'>
      <properties size='2'>
        <property name='artifact.size' value='85750'/>
        <property name='download.size' value='85750'/>
      </properties>
    </artifact>
    <artifact classifier='osgi.bundle' id='org.eclipse.emf.common.ui' version='2.5.0.v200906151043'>
      <properties size='2'>
        <property name='artifact.size' value='124374'/>
        <property name='download.size' value='124374'/>
      </properties>
    </artifact>
    <artifact classifier='osgi.bundle' id='org.eclipse.equinox.app' version='1.2.0.v20090520-1800'>
      <properties size='2'>
        <property name='artifact.size' value='78162'/>
        <property name='download.size' value='78162'/>
      </properties>
    </artifact>
    <artifact classifier='osgi.bundle' id='org.eclipse.core.databinding.beans' version='1.2.0.I20090525-2000'>
      <properties size='2'>
        <property name='artifact.size' value='73157'/>
        <property name='download.size' value='73157'/>
      </properties>
    </artifact>
    <artifact classifier='osgi.bundle' id='org.mortbay.jetty.util' version='6.1.15.v200905182336'>
      <properties size='2'>
        <property name='artifact.size' value='186357'/>
        <property name='download.size' value='186357'/>
      </properties>
    </artifact>
    <artifact classifier='osgi.bundle' id='org.apache.xerces' version='2.9.0.v200909240008'>
      <properties size='2'>
        <property name='artifact.size' value='1300581'/>
        <property name='download.size' value='1300581'/>
      </properties>
    </artifact>
    <artifact classifier='osgi.bundle' id='org.eclipse.wst.common.core' version='1.1.201.v200806010600'>
      <properties size='2'>
        <property name='artifact.size' value='40712'/>
        <property name='download.size' value='40712'/>
      </properties>
    </artifact>
    <artifact classifier='osgi.bundle' id='org.eclipse.core.net' version='1.2.1.r35x_20090812-1200'>
      <properties size='2'>
        <property name='artifact.size' value='64247'/>
        <property name='download.size' value='64247'/>
      </properties>
    </artifact>
    <artifact classifier='osgi.bundle' id='org.eclipse.swt.win32.win32.x86' version='3.5.1.v3555a'>
      <properties size='2'>
        <property name='artifact.size' value='2256700'/>
        <property name='download.size' value='2256700'/>
      </properties>
    </artifact>
  </artifacts>
</repository>
