<?xml version="1.0" encoding="UTF-8"?>
<feature
      id="org.eclipse.wst.common_ui.feature"
      label="%featureName"
      version="3.1.1.v200908102300-7B5FRGDhdMNPnndenAjpWJAReO5Q"
      provider-name="%providerName">

   <description>
      %description
   </description>

   <copyright>
      %copyright
   </copyright>

   <license url="%licenseURL">
      %license
   </license>

   <url>
      <update label="%updateSiteName" url="http://download.eclipse.org/webtools/updates/"/>
   </url>

   <includes
         id="org.eclipse.wst.common_core.feature"
         version="3.1.1.v200908102300-7B77FZ3F7RZHIVI9QdN4PM"/>

   <plugin
         id="org.eclipse.wst.common.frameworks.ui"
         download-size="0"
         install-size="0"
         version="1.1.301.v200908101600"
         unpack="false"/>

   <plugin
         id="org.eclipse.wst.common.infopop"
         download-size="0"
         install-size="0"
         version="1.0.100.v200805301550"
         unpack="false"/>

   <plugin
         id="org.eclipse.wst.common.snippets"
         download-size="0"
         install-size="0"
         version="1.1.300.v200903120643"
         unpack="false"/>

   <plugin
         id="org.eclipse.wst.common.ui"
         download-size="0"
         install-size="0"
         version="1.1.402.v200901262305"
         unpack="false"/>

   <plugin
         id="org.eclipse.wst.internet.cache"
         download-size="0"
         install-size="0"
         version="1.0.301.v200805140020"
         unpack="false"/>

   <plugin
         id="org.eclipse.wst.validation.ui"
         download-size="0"
         install-size="0"
         version="1.2.104.v200904232035"
         unpack="false"/>

   <plugin
         id="org.eclipse.wst.validation.infopop"
         download-size="0"
         install-size="0"
         version="1.0.300.v200806041506"
         unpack="false"/>

</feature>
