<?xml version="1.0" encoding="UTF-8"?>
<feature
      id="org.eclipse.wst.xml_core.feature"
      label="%featureName"
      version="3.1.1.v200907161031-7C7OFPgF7RZHIXHvT5MhWA"
      provider-name="%providerName">

   <description>
      %description
   </description>

   <copyright>
      %copyright
   </copyright>

   <license url="%licenseURL">
      %license
   </license>

   <url>
      <update label="%updateSiteName" url="http://download.eclipse.org/webtools/updates/"/>
   </url>

   <plugin
         id="javax.xml"
         download-size="190"
         install-size="190"
         version="1.3.4.v200902170245"
         unpack="false"/>

   <plugin
         id="org.apache.xml.resolver"
         download-size="96"
         install-size="96"
         version="1.2.0.v200902170519"
         unpack="false"/>

   <plugin
         id="org.apache.xml.serializer"
         download-size="270"
         install-size="270"
         version="2.7.1.v200902170519"
         unpack="false"/>

   <plugin
         id="org.apache.xerces"
         download-size="1200"
         install-size="1200"
         version="2.9.0.v200909240008"
         unpack="false"/>

   <plugin
         id="org.eclipse.wst.standard.schemas"
         download-size="152"
         install-size="152"
         version="1.0.200.v200902270215"
         unpack="false"/>

   <plugin
         id="org.eclipse.wst.xml.core"
         download-size="0"
         install-size="0"
         version="1.1.401.v200908242115"
         unpack="false"/>

   <plugin
         id="org.eclipse.wst.dtd.core"
         download-size="0"
         install-size="0"
         version="1.1.300.v200904181727"
         unpack="false"/>

   <plugin
         id="org.eclipse.wst.xsd.core"
         download-size="0"
         install-size="0"
         version="1.1.401.v200903020335"
         unpack="false"/>

   <plugin
         id="org.eclipse.wst.sse.core"
         download-size="0"
         install-size="0"
         version="1.1.401.v200909172215"
         unpack="false"/>

</feature>
