﻿<?xml version="1.0" encoding="utf-8"?><list>	<fruits><name>リンゴ</name><color>赤色</color><price>100</price></fruits>	<fruits><name>ミカン</name><color>橙色</color><price>150</price></fruits>	<fruits><name>メロン</name><color>緑色</color><price>400</price></fruits>	<fruits><name>イチゴ</name><color>赤色</color><price>210</price></fruits>	<fruits><name>レモン</name><color>黄色</color><price>90</price></fruits>	<fruits><name>サクランボ</name><color>赤色</color><price>200</price></fruits></list>